"Product ID","Variant ID","Row Type",Title,SKU,"Variant Name",Barcode,Description,Details,Unit,Price,Sales,Cost,Stock,"Weight (kg)",Type,Status,Featured,"Manage Stock","Sales Count","Ratings Cache","Ratings Count","Currency Code","Is Demo","Is Active","Min Order Qty","Max Order Qty",Collections,"Options Names","Options Values","Main Image","Additional Images","SEO Title","SEO Description","Product Type",Vendor,Gender,"Age Group",Condition,"Google Product Category","Created At","Updated At",Source,"Source ID"
4692323,,product,"TIRTIR Pure Vitamin C24 Serum",,,,"TIRTIR Pure Vitamin C24 Serum - 30ml","<p>A stable, concentrated Vitamin C serum that brightens the complexion, fades dark spots and protects skin from oxidative stress. Works best as part of a morning routine.</p><p>Best for: Dark spots, dull skin, antioxidant protection</p>",pc,12370.00,,,5,,simple,0,0,1,0,,0,NGN,0,1,1,,Serums,,,https://dodptt9f4zk9h.cloudfront.net/stores/288034/products/90013f5681ed95d741c30d3a657cfa002a32a68b.jpeg,https://dodptt9f4zk9h.cloudfront.net/stores/288034/products/90013f5681ed95d741c30d3a657cfa002a32a68b.jpeg,,,,,,,,,"2026-04-24 15:24:25","2026-04-24 15:24:25",,
4692295,,product,"Some By Mi Brightening Starter Kit",,,,"Some By Mi Yuja Niacin Brightening Starter Kit","<p>A brightening starter set powered by yuja extract and niacin, perfect for anyone beginning their brightening journey or wanting to try the range before committing.</p><p>Best for: Dull skin, beginners to brightening, uneven skin tone</p><p><br></p>",pc,20000.00,,,5,,simple,0,0,1,0,,0,NGN,0,1,1,,"Face/Body Kits",,,https://dodptt9f4zk9h.cloudfront.net/stores/288034/products/9dac9561b70d9d88313f726dcf9faa2e69bbbe4d.jpeg,https://dodptt9f4zk9h.cloudfront.net/stores/288034/products/9dac9561b70d9d88313f726dcf9faa2e69bbbe4d.jpeg,,,,,,,,,"2026-04-24 15:18:42","2026-04-24 15:18:42",,
4692270,,product,"Some By Mi AHA BHA PHA 30 Days Miracle Toner",,,,"Some By Mi AHA BHA PHA 30 Days Miracle Toner - 30ml","<p>A travel-friendly toner loaded with AHA, BHA and PHA to gently exfoliate, clear pores and prep skin for the rest of your routine. Great for testing the line or topping up on the go.</p><p>Best</p>",pc,3485.00,,,5,,simple,0,0,1,0,,0,NGN,0,1,1,,Toners,,,https://dodptt9f4zk9h.cloudfront.net/stores/288034/products/821859a509abb4e20592c474d42d0eeb57866b86.jpeg,https://dodptt9f4zk9h.cloudfront.net/stores/288034/products/821859a509abb4e20592c474d42d0eeb57866b86.jpeg,,,,,,,,,"2026-04-24 15:12:44","2026-04-24 15:12:44",,
4691942,,product,"Some By Mi AHA BHA PHA 30 Days Miracle Serum",,,,"Some By Mi AHA BHA PHA 30 Days Miracle Serum","<p>A triple acid serum designed to transform skin in 30 days. Exfoliates, unclogs pores and smooths texture while calming active breakouts. A full-routine worker in one bottle.</p>",pc,13675.00,,,5,,simple,0,0,1,0,,0,NGN,0,1,1,,Serums,,,https://dodptt9f4zk9h.cloudfront.net/stores/288034/products/e370141f620861e82b733bf5f0844374195a06bf.jpeg,https://dodptt9f4zk9h.cloudfront.net/stores/288034/products/e370141f620861e82b733bf5f0844374195a06bf.jpeg,,,,,,,,,"2026-04-24 14:06:24","2026-04-24 14:06:24",,
4691887,,product,"SKIN1004 Madagascar Centella Tone Brightening Capsule Ampoule",,,,"SKIN1004 Madagascar Centella Tone Brightening Capsule Ampoule - 100ml","<p>A calming yet brightening ampoule packed with pure Madagascar Centella. Soothes irritation, evens skin tone and strengthens the skin barrier, all in one lightweight formula.</p><p>Best for: Sensitive skin, redness, uneven tone</p>",pc,10095.00,,,5,,simple,0,0,1,0,,0,NGN,0,1,1,,Serums,,,https://dodptt9f4zk9h.cloudfront.net/stores/288034/products/aba03ca7be0a3072e2fc2fcac903cfb70469c6a0.jpeg,https://dodptt9f4zk9h.cloudfront.net/stores/288034/products/aba03ca7be0a3072e2fc2fcac903cfb70469c6a0.jpeg,,,,,,,,,"2026-04-24 13:56:48","2026-04-24 13:56:48",,
4691691,,product,"Medicube TXA Niacinamide Capsule Cream",,,,"Medicube TXA Niacinamide Capsule Cream - 55g","<p>A brightening moisturiser with tranexamic acid and niacinamide encapsulated for slow, steady delivery into the skin. Tackles deep discolouration while keeping skin hydrated.</p><p>Best for: Stubborn pigmentation, melasma, uneven skin tone</p>",pc,14890.00,,,10,,simple,0,0,1,0,,0,NGN,0,1,1,,"Moisturiser & Face Cream",,,https://dodptt9f4zk9h.cloudfront.net/stores/288034/products/fde6178c03b0dfb196fb87ffe9d04d76568f167b.jpeg,https://dodptt9f4zk9h.cloudfront.net/stores/288034/products/fde6178c03b0dfb196fb87ffe9d04d76568f167b.jpeg,,,,,,,,,"2026-04-24 13:27:46","2026-04-24 13:27:46",,
4691654,,product,"Medicube Kojic Acid Turmeric Niacinamide Serum",,,,"Medicube Kojic Acid Turmeric Niacinamide Serum - 30ml","<p>A brightening serum that combines three heavy-hitting ingredients to target stubborn dark spots and hyperpigmentation. Lightweight and fast absorbing.</p><p>Best for: Dark spots, post-acne marks, uneven skin tone</p>",pc,10935.00,,,10,,simple,0,0,1,0,,0,NGN,0,1,1,,Serums,,,https://dodptt9f4zk9h.cloudfront.net/stores/288034/products/8bf1401ca9c1294370c0393c9c7bbaad2e90736c.jpeg,https://dodptt9f4zk9h.cloudfront.net/stores/288034/products/8bf1401ca9c1294370c0393c9c7bbaad2e90736c.jpeg,,,,,,,,,"2026-04-24 13:21:51","2026-04-24 13:21:51",,
4691616,,product,"Medicube Azelaic Acid Niacinamide Deep Clean Foam Cleanser",,,,"Medicube Azelaic Acid Niacinamide Deep Clean Foam Cleanser - 120g","<p>A powerful yet gentle foam cleanser that targets clogged pores, uneven texture and dullness in one step. Azelaic acid and niacinamide work together to clear and even the skin with every wash.</p><p>Best for: Acne-prone skin, uneven texture, oily skin</p>",pc,9375.00,,,5,,simple,0,0,1,0,,0,NGN,0,1,1,,"Face Wash",,,https://dodptt9f4zk9h.cloudfront.net/stores/288034/products/6c927e5b4e3dfabdf39b1e457ab9f8b9342f9d7e.jpeg,https://dodptt9f4zk9h.cloudfront.net/stores/288034/products/6c927e5b4e3dfabdf39b1e457ab9f8b9342f9d7e.jpeg|https://dodptt9f4zk9h.cloudfront.net/stores/288034/products/9320bb4b77683d7d1a62bf6d23b37bd697067973.jpeg,,,,,,,,,"2026-04-24 13:16:45","2026-04-24 13:16:45",,
4690134,,product,"KSECRET Seoul 1988 Eye Cream",,,,"KSECRET Seoul 1988 Eye Cream - Retinal Liposome 4% + Fermented Bean, 30ml","<p>A targeted eye cream combining retinal and fermented bean extract to visibly reduce fine lines, puffiness and dark circles around the delicate eye area.</p><p><strong style=""color: rgb(34, 45, 55);"">Best for:</strong> Fine lines, dark circles, signs of ageing around the eyes</p>",pc,9595.00,,,5,,simple,0,0,1,0,,0,NGN,0,1,1,,Underarm,,,https://dodptt9f4zk9h.cloudfront.net/stores/288034/products/835170bdcdd54515d72349da08d45d324a8a4d91.jpeg,https://dodptt9f4zk9h.cloudfront.net/stores/288034/products/835170bdcdd54515d72349da08d45d324a8a4d91.jpeg,,,,,,,,,"2026-04-24 00:20:12","2026-04-24 13:06:31",,
4690126,,product,"Jumiso Pore Purifying Salicylic Acid Cleanser",,,,"Jumiso Pore Purifying Salicylic Acid Cleanser - 120g","<p>A deep-cleansing face wash with salicylic acid that gets into pores, dissolves buildup and helps prevent breakouts. Leaves skin feeling thoroughly clean without over-drying.</p><p><strong style=""color: rgb(34, 45, 55);"">Best for:</strong> Oily skin, acne-prone skin, enlarged pores</p>",pc,6700.00,,,5,,simple,0,0,1,0,,0,NGN,0,1,1,,"Face Wash",,,https://dodptt9f4zk9h.cloudfront.net/stores/288034/products/b8d91f9d5f7f97f9138b4bb43e83ef93a6bce350.jpeg,https://dodptt9f4zk9h.cloudfront.net/stores/288034/products/b8d91f9d5f7f97f9138b4bb43e83ef93a6bce350.jpeg,,,,,,,,,"2026-04-24 00:13:13","2026-04-24 00:13:13",,
4690121,,product,"Goodal Cleansing Foam",,,,"Goodal Green Tangerine Vita C Cleansing Foam - 150ml","<p>&nbsp;brightening cleansing foam powered by green tangerine Vitamin C. Removes impurities while giving your complexion a subtle glow boost from the very first wash.</p><p><strong style=""color: rgb(34, 45, 55);"">Best for:</strong> Dull skin, uneven complexion, everyday brightening</p>",pc,6755.00,,,5,,simple,0,0,1,0,,0,NGN,0,1,1,,"Face Wash",,,https://dodptt9f4zk9h.cloudfront.net/stores/288034/products/43f36fb892fba42100395161a0f3712e37eb0ca5.jpeg,https://dodptt9f4zk9h.cloudfront.net/stores/288034/products/43f36fb892fba42100395161a0f3712e37eb0ca5.jpeg,,,,,,,,,"2026-04-24 00:08:42","2026-04-24 00:08:42",,
4690117,,product,"Derma:B Ceramd Cream Wash",,,,"Derma:B Ceramd Repair Cream Wash - 400ml","<p>A gentle cream-based cleanser that cleans without stripping. Ceramides help maintain your skin’s natural moisture barrier so skin feels soft and comfortable after every wash.</p><p><strong style=""color: rgb(34, 45, 55);"">Best for:</strong> Dry, sensitive, or easily irritated skin</p>",pc,5930.00,,,4,,simple,0,0,1,1,,0,NGN,0,1,1,,"Face Wash",,,https://dodptt9f4zk9h.cloudfront.net/stores/288034/products/31ab0d6b498ae8d8fe4689ed759e9736f8d65a02.jpeg,https://dodptt9f4zk9h.cloudfront.net/stores/288034/products/31ab0d6b498ae8d8fe4689ed759e9736f8d65a02.jpeg,,,,,,,,,"2026-04-24 00:04:36","2026-04-24 00:47:09",,
4690107,,product,"Beauty of Joseon Glow Deep Serum",,,,"Beauty of Joseon Glow Deep Serum - Rice + Alpha Arbutin 30ml","<p>A lightweight serum that brightens dull skin and fades dark spots using the power of rice extract and alpha arbutin. Absorbs quickly.</p><p><strong style=""color: rgb(34, 45, 55);"">Best for: </strong>Uneven skin tone, dull or lacklustre skin</p>",pc,8750.00,,,5,,simple,0,0,1,0,,0,NGN,0,1,1,,Serums,,,https://dodptt9f4zk9h.cloudfront.net/stores/288034/products/ba1d6d8110eb264e540fc15b0afd1ea4be907dba.jpeg,https://dodptt9f4zk9h.cloudfront.net/stores/288034/products/ba1d6d8110eb264e540fc15b0afd1ea4be907dba.jpeg,,,,,,,,,"2026-04-23 23:57:53","2026-04-23 23:57:53",,
4684149,,product,"Nivea Nourishing Cocoa Body Lotion",,,,"Nivea Nourishing Cocoa Body Lotion | 5-in-1 Complete Care 400ml","<p>A rich body lotion containing Cocoa and a deep moisture serum complex that provides 48 hours of continuous hydration. Specifically formulated for dry skin, it nourishes deeply and leaves the skin feeling soft and smooth. A reliable daily moisturiser for skin that needs serious hydration.</p><p><strong>Best for:</strong> Very dry body skin, skin needing long lasting deep moisture, daily body nourishment</p>",pc,9500.00,,7400.00,0,,simple,1,0,1,1,,0,NGN,0,1,1,,"Body Lotion",,,https://dodptt9f4zk9h.cloudfront.net/stores/288034/products/32c8f43417cdd679d9ce97995c01956fb623b40d.jpeg,https://dodptt9f4zk9h.cloudfront.net/stores/288034/products/32c8f43417cdd679d9ce97995c01956fb623b40d.jpeg,,,,,,,,,"2026-04-22 22:32:26","2026-04-22 22:39:07",,
4684139,,product,"Pro Lab Whitening Lotion",,,,"Pro Lab Kojic Dipalmitate + Hyaluronic Acid Skin Whitening Lotion 500ml","<p>A body lotion containing Kojic Dipalmitate, which is a more stable and skin-friendly form of Kojic Acid that targets dark spots and uneven complexion on the body. Hyaluronic Acid keeps the skin plump and hydrated while the actives work on evening out the skin tone.</p>",pc,13000.00,,10400.00,1,,simple,1,0,1,0,,0,NGN,0,1,1,,"Body Lotion",,,https://dodptt9f4zk9h.cloudfront.net/stores/288034/products/01591c5c7c0d2cbf6fbab5aa71acd0f73b4e2f28.png,https://dodptt9f4zk9h.cloudfront.net/stores/288034/products/01591c5c7c0d2cbf6fbab5aa71acd0f73b4e2f28.png,,,,,,,,,"2026-04-22 22:29:46","2026-04-22 22:29:46",,
4684130,,product,"Pro Lab Skin Barrier Repair Ceramide Body Lotion",,,,"Pro Lab Skin Barrier Repair Ceramide Body Lotion 500ml","<p>A body lotion containing Ceramides, which repair and protect the skin's natural moisture barrier. Ideal for skin that feels persistently dry, tight, or sensitive. Provides long lasting hydration and nourishment throughout the day.</p><p><strong>Best for:</strong> Damaged skin barrier, persistently dry skin, sensitive and reactive body skin</p>",pc,13000.00,,10400.00,1,,simple,1,0,1,0,,0,NGN,0,1,1,,"Body Lotion",,,https://dodptt9f4zk9h.cloudfront.net/stores/288034/products/96f3e5bd462b28618b33d165bc43dc976fec2e75.png,https://dodptt9f4zk9h.cloudfront.net/stores/288034/products/96f3e5bd462b28618b33d165bc43dc976fec2e75.png,,,,,,,,,"2026-04-22 22:27:55","2026-04-22 22:27:55",,
4684123,,product,"Pro Lab Skin Tone Corrector | Brightening Lotion",,,,"Pro Lab Skin Tone Corrector Alpha Arbutin + Niacinamide Brightening Lotion 500ml","<p>A brightening body lotion containing Alpha Arbutin, which targets dark patches and uneven skin tone on the body. Niacinamide works alongside it to visibly even out the complexion and provide daily moisture. A straightforward skin tone correcting lotion for everyday use.</p><p><strong>Best for:</strong> Uneven skin tone, dark patches, pigmentation, daily brightening moisture</p>",pc,13000.00,,10400.00,0,,simple,1,0,1,1,,0,NGN,0,1,1,,"Body Lotion",,,https://dodptt9f4zk9h.cloudfront.net/stores/288034/products/b0e0ba6f4a6d90a4fe5ee8e9616bf3027edd43d9.png,https://dodptt9f4zk9h.cloudfront.net/stores/288034/products/b0e0ba6f4a6d90a4fe5ee8e9616bf3027edd43d9.png,,,,,,,,,"2026-04-22 22:26:29","2026-04-24 00:36:30",,
4684112,,product,"Ivory Glow Turmeric & Curcumin Lotion",,,,"Ivory Glow Turmeric & Curcumin Lotion | Vitamin C Complex | SPF 35 500ml","<p>A moisturising body lotion containing Turmeric and Curcumin, which calm inflammation in the skin and support a more even complexion over time. Vitamin C Complex adds antioxidant protection and a natural radiance to the skin. SPF 35 provides daily sun protection while the 48-hour moisture technology keeps skin hydrated and nourished all day.</p><p>&nbsp;</p>",pc,18500.00,,13900.00,3,,simple,1,0,1,0,,0,NGN,0,1,1,,"Body Lotion",,,https://dodptt9f4zk9h.cloudfront.net/stores/288034/products/a1f830474b4abc626ec2a6b697bfb3d256086428.png,https://dodptt9f4zk9h.cloudfront.net/stores/288034/products/a1f830474b4abc626ec2a6b697bfb3d256086428.png,,,,,,,,,"2026-04-22 22:23:50","2026-04-22 22:23:50",,
4684099,,product,"Advanced Korean Skin Bright & Smooth Body Lotion",,,,"Advanced Korean Skin Bright & Smooth Body Lotion | Tranexamic Acid, Kojic Acid, Azelaic Acid & Ceramides 500ml","<p>A body lotion containing Tranexamic Acid, which interrupts the skin's inflammatory response that triggers dark patches. Kojic Acid targets existing dark spots directly, while Azelaic Acid smooths uneven skin texture and addresses post-inflammatory marks. Ceramides keep the skin barrier intact and hydrated throughout. Paraben free, cruelty free and vegan.</p>",pc,17000.00,,13900.00,2,,simple,1,0,1,0,,0,NGN,0,1,1,,"Body Lotion",,,https://dodptt9f4zk9h.cloudfront.net/stores/288034/products/4687986ef05c8e6e4a3c4817cbd06b2ded48a1ba.png,https://dodptt9f4zk9h.cloudfront.net/stores/288034/products/4687986ef05c8e6e4a3c4817cbd06b2ded48a1ba.png,,,,,,,,,"2026-04-22 22:21:56","2026-04-22 22:21:56",,
4684092,,product,"Advanced Korean Skin Lightening & Barrier Repair Body Lotion",,,,"Advanced Korean Skin Lightening & Barrier Repair Body Lotion | Turmeric, Ceramides, Kefir & Glutathione 500ml","<p>A body lotion containing Ceramides, which repair and strengthen the skin's natural moisture barrier, particularly useful for skin that feels dry, rough, or easily irritated. Turmeric provides anti-inflammatory and antioxidant support, calming skin that has been darkened by inflammation or irritation. Glutathione supports overall skin radiance while Kefir nourishes and hydrates. Paraben free, cruelty free and vegan.</p>",pc,17000.00,,13900.00,2,,simple,1,0,1,0,,0,NGN,0,1,1,,"Body Lotion",,,https://dodptt9f4zk9h.cloudfront.net/stores/288034/products/2a97787aaca70487198de4f7459074179f944e3b.png,https://dodptt9f4zk9h.cloudfront.net/stores/288034/products/2a97787aaca70487198de4f7459074179f944e3b.png,,,,,,,,,"2026-04-22 22:19:57","2026-04-22 22:19:57",,
4684082,,product,"LC Lait Snaptchat Diamant Bleu Body Milk",,,,"LC Lait Snaptchat Diamant Bleu Body Milk | Glutathione, Collagen, Kojic Acid & Arbutin 500ml","<p>A lightening body milk containing Glutathione and Collagen, which work together to restore skin radiance, reduce dullness, and keep the skin feeling firm and elastic with daily use. Kojic Acid and Arbutin target dark spots and blemishes on both the face and body. A notable advantage of this formula is that it brightens without causing stretch marks, green veins, or hyperpigmentation, concerns that come with some stronger lightening products. Hydroquinone free and suitable for all skin types.</p>",pc,38000.00,,31400.00,3,,simple,1,0,1,0,,0,NGN,0,1,1,,"Body Lotion",,,https://dodptt9f4zk9h.cloudfront.net/stores/288034/products/443c318ad4eba676daab0c55b621bda40bc9a657.png,https://dodptt9f4zk9h.cloudfront.net/stores/288034/products/443c318ad4eba676daab0c55b621bda40bc9a657.png,,,,,,,,,"2026-04-22 22:17:56","2026-04-22 22:17:56",,
4684069,,product,"Dr. Davey Arbutin Body Lotion",,,,"Dr. Davey Arbutin Body Lotion | Vitamin C & Arbutin | Fresh Citrus 500ml","<p>A body lotion containing Arbutin, which targets dark spots and scars on the body. Vitamin C adds a natural radiance to the skin and addresses surface discolouration. The fresh citrus scent makes it a pleasant daily moisturiser for skin that needs both treatment and nourishment. 100% organic certified.</p>",pc,9000.00,,6400.00,2,,simple,1,0,1,0,,0,NGN,0,1,1,,"Body Lotion",,,https://dodptt9f4zk9h.cloudfront.net/stores/288034/products/fcbc5f72be9a6b1309cd96a67b502266956c6f0a.png,https://dodptt9f4zk9h.cloudfront.net/stores/288034/products/fcbc5f72be9a6b1309cd96a67b502266956c6f0a.png,,,,,,,,,"2026-04-22 22:15:58","2026-04-22 22:15:58",,
4684060,,product,"Dr. Davey Kojic Acid Body Lotion",,,,"Dr. Davey Kojic Acid Body Lotion | Niacinamide Vitamin B3 500ml","<p>A body lotion containing Kojic Acid, which directly targets the enzyme responsible for dark spots and uneven patches on the body. Niacinamide (Vitamin B3) addresses blemishes and helps even out skin tone while supporting the skin's natural healing process.&nbsp;</p>",pc,9000.00,,6400.00,2,,simple,1,0,1,0,,0,NGN,0,1,1,,"Body Lotion",,,https://dodptt9f4zk9h.cloudfront.net/stores/288034/products/1fc8d31556609460d99355dc2187d5de75f59db7.png,https://dodptt9f4zk9h.cloudfront.net/stores/288034/products/1fc8d31556609460d99355dc2187d5de75f59db7.png,,,,,,,,,"2026-04-22 22:14:27","2026-04-22 22:14:27",,
4684050,,product,"Skin By Zaron Vitamin C Brightening & Moisturising Body Lotion",,,,"Skin By Zaron Vitamin C Brightening & Moisturising Body Lotion | Vitamin C, Alpha Arbutin, Collagen & Vitamin E 500ml","<p>A brightening body lotion containing Vitamin C, which gives the skin a natural radiance and addresses surface discolouration. Alpha Arbutin targets dark patches and uneven tone on the body. Collagen supports skin firmness while Vitamin E keeps the skin feeling soft and nourished throughout the day.</p>",pc,20000.00,,16400.00,2,,simple,1,0,1,0,,0,NGN,0,1,1,,"Body Lotion",,,https://dodptt9f4zk9h.cloudfront.net/stores/288034/products/d50d0a7232a85563ff7b6d99b3185a95d048836b.png,https://dodptt9f4zk9h.cloudfront.net/stores/288034/products/d50d0a7232a85563ff7b6d99b3185a95d048836b.png,,,,,,,,,"2026-04-22 22:12:38","2026-04-22 22:12:38",,
4684042,,product,"Glow Influence Strong Lightening Beauty Milk",,,,"Glow Influence Strong Lightening Beauty Milk | Argan Oil, Valerian Extract, Niacinamide, Kojic Acid, Collagen & Hyaluronic Acid 500ml","<p>A rich body milk containing Niacinamide and Kojic Acid, which address uneven skin tone and dark patches on the body. Argan Oil deeply nourishes and adds a natural sheen to the skin. Collagen supports skin firmness, Hyaluronic Acid keeps skin plump and hydrated, and Allantoin soothes any irritation.</p>",pc,32000.00,,26400.00,3,,simple,1,0,1,0,,0,NGN,0,1,1,,"Body Lotion",,,https://dodptt9f4zk9h.cloudfront.net/stores/288034/products/89a8de544a810522e379ffe4159d155668a153f7.png,https://dodptt9f4zk9h.cloudfront.net/stores/288034/products/89a8de544a810522e379ffe4159d155668a153f7.png,,,,,,,,,"2026-04-22 22:09:45","2026-04-22 22:10:38",,
4684035,,product,"Faster White Paris Carotte Whitening Body Milk",,,,"Faster White Paris Carotte Whitening Body Milk 500ml","<p>A nourishing body milk containing Carrot Oil, which is rich in beta-carotene and gives the skin a warm, healthy glow while keeping it deeply moisturised. Vitamin E softens and smooths skin texture, and the plant extract base makes it a gentle option for daily body moisturising.</p>",pc,23000.00,,18400.00,5,,simple,1,0,1,0,,0,NGN,0,1,1,,"Body Lotion",,,https://dodptt9f4zk9h.cloudfront.net/stores/288034/products/b094751aa35a779d553cec89f7a268529169406f.png,https://dodptt9f4zk9h.cloudfront.net/stores/288034/products/b094751aa35a779d553cec89f7a268529169406f.png,,,,,,,,,"2026-04-22 22:07:48","2026-04-22 22:07:48",,
4683933,,product,"Simple Hydrating Light Moisturiser",,,,"Simple Hydrating Light Moisturiser 125ml","<p>A lightweight face moisturiser that provides 12 hours of continuous hydration without feeling heavy on the skin. Vitamin B5 replenishes moisture in the skin, Vitamin E softens and smooths skin texture, and Niacinamide addresses uneven skin tone. Fast absorbing, no colour, no perfume, no harsh chemicals. Vegan and PETA approved.</p><p><strong>Best for:</strong> Normal to oily skin needing lightweight daily moisture, uneven skin tone, all skin types</p>",pc,10000.00,,7900.00,1,,simple,1,0,1,1,,0,NGN,0,1,1,,"Moisturiser & Face Cream",,,https://dodptt9f4zk9h.cloudfront.net/stores/288034/products/1d5a2f7932c8f126a042e9cc6997277c83808892.jpeg,https://dodptt9f4zk9h.cloudfront.net/stores/288034/products/1d5a2f7932c8f126a042e9cc6997277c83808892.jpeg,,,,,,,,,"2026-04-22 21:40:16","2026-04-22 22:39:10",,
4683923,,product,"Simple Replenishing Rich Moisturiser",,,,"Simple Replenishing Rich Moisturiser | Vitamin B5 + E + Niacinamide 125ml","<p>A rich face moisturiser that provides 12 hours of continuous hydration. Vitamin B5 deeply replenishes moisture in dry and depleted skin, Vitamin E nourishes and softens skin texture, and Niacinamide addresses uneven skin tone. No colour, no perfume, no harsh chemicals. Vegan and PETA approved.</p><p><strong>Best for:</strong> Dry skin, uneven skin tone, skin that needs long lasting moisture without irritation</p>",pc,10000.00,,7900.00,2,,simple,1,0,1,0,,0,NGN,0,1,1,,"Moisturiser & Face Cream",,,https://dodptt9f4zk9h.cloudfront.net/stores/288034/products/d7cdc9e0a951509073b48b03fcfe0cb3554ed0b4.jpeg,https://dodptt9f4zk9h.cloudfront.net/stores/288034/products/d7cdc9e0a951509073b48b03fcfe0cb3554ed0b4.jpeg,,,,,,,,,"2026-04-22 21:37:29","2026-04-22 21:37:29",,
4683909,,product,"Skin Aqua Super Moisture UV Gel | SPF 50+",,,,"Skin Aqua Super Moisture UV Gel | SPF 50+ 110g","<p>A Japanese SPF gel offering SPF 50+ and PA++++ protection, one of the highest UV protection ratings available. The gel texture sits lightly on the skin, keeps it moisturised throughout the day, and is water resistant making it reliable for outdoor use. The last step of every morning routine.</p><p><strong>Best for:</strong> Daily sun protection, outdoor activities, all skin types needing high SPF without heaviness</p>",pc,17000.00,,13400.00,4,,simple,1,0,1,1,,0,NGN,0,1,1,,SPF,,,https://dodptt9f4zk9h.cloudfront.net/stores/288034/products/0a24d37accd45a03dee7a3cd8317741d267ab71a.png,https://dodptt9f4zk9h.cloudfront.net/stores/288034/products/0a24d37accd45a03dee7a3cd8317741d267ab71a.png,,,,,,,,,"2026-04-22 21:30:33","2026-04-23 03:18:07",,
4683892,,product,"Cosmo Pink Blossom Whitening Roll-On Deodorant",,,,"Cosmo Pink Blossom Whitening Roll-On Deodorant 50ml","<p>A roll-on deodorant containing an advanced whitening formula that addresses dark underarms while keeping you fresh for up to 48 hours. Alcohol free and suitable for sensitive skin, so it doesn't irritate or sting after shaving. Anti-stain formula means no white marks on clothes.</p><p><strong>Best for:</strong> Dark underarms, sensitive underarm skin, long lasting freshness without irritation</p>",pc,8500.00,,6400.00,2,,simple,1,0,1,0,,0,NGN,0,1,1,,Underarm,,,https://dodptt9f4zk9h.cloudfront.net/stores/288034/products/8a9b660bcc06e059bdb687a2291c04c9aac6bc8c.png,https://dodptt9f4zk9h.cloudfront.net/stores/288034/products/8a9b660bcc06e059bdb687a2291c04c9aac6bc8c.png,,,,,,,,,"2026-04-22 21:25:45","2026-04-22 21:25:45",,
4683884,,product,"Face Facts Hyaluronic Acid Serum",,,,"Face Facts Hyaluronic Acid Serum 30ml","<p>A serum containing Hyaluronic Acid, which replenishes moisture levels in the skin and locks hydration in for a visibly plumper and more radiant complexion. Lightweight enough to layer under moisturiser morning and night.</p><p><strong>Best for:</strong> Dry and dehydrated skin, skin that looks dull from lack of moisture, radiant skin</p>",pc,8500.00,,5900.00,2,,simple,1,0,1,0,,0,NGN,0,1,1,,Serums,,,https://dodptt9f4zk9h.cloudfront.net/stores/288034/products/e7b57141d5bbc6b5bbaaa8d4db4e772d65b2fa7b.jpeg,https://dodptt9f4zk9h.cloudfront.net/stores/288034/products/e7b57141d5bbc6b5bbaaa8d4db4e772d65b2fa7b.jpeg,,,,,,,,,"2026-04-22 21:24:08","2026-04-22 21:24:08",,
4683873,,product,"Pei Mei Skincare Hyaluronic Acid HA Serum",,,,"Pei Mei Skincare Hyaluronic Acid HA Serum 30ml","<p>A hydrating face serum containing Hyaluronic Acid, which draws water deep into the skin and keeps it plump and moisturised throughout the day. It also supports a more even and radiant complexion with regular use.</p><p><strong>Best for:</strong> Dehydrated skin, dull skin lacking moisture, anti-ageing hydration</p>",pc,7500.00,,3400.00,2,,simple,1,0,1,0,,0,NGN,0,1,1,,Serums,,,https://dodptt9f4zk9h.cloudfront.net/stores/288034/products/195876cc43943bf8a816aaaf84ee95816b7ed456.jpeg,https://dodptt9f4zk9h.cloudfront.net/stores/288034/products/195876cc43943bf8a816aaaf84ee95816b7ed456.jpeg,,,,,,,,,"2026-04-22 21:22:12","2026-04-22 21:22:12",,
4683869,,product,"Face Facts Ceramide Serum",,,,"Face Facts Ceramide Serum 30ml","<p>A targeted face serum containing Ceramides, which repair and reinforce the skin's natural protective barrier. It soothes, protects, and keeps moisture locked in throughout the day.</p><p><strong>Best for:</strong> Damaged skin barrier, sensitive and reactive skin, skin that feels tight and uncomfortable</p>",pc,8500.00,,5900.00,5,,simple,1,0,1,0,,0,NGN,0,1,1,,Serums,,,https://dodptt9f4zk9h.cloudfront.net/stores/288034/products/aea4d1bd80465a96acdb897f00ced7a3b2abd093.jpeg,https://dodptt9f4zk9h.cloudfront.net/stores/288034/products/aea4d1bd80465a96acdb897f00ced7a3b2abd093.jpeg,,,,,,,,,"2026-04-22 21:20:38","2026-04-22 21:20:38",,
4683863,,product,"Bitnara Vitamin C Ferulic Acid + Vitamin E Serum",,,,"Bitnara Vitamin C Ferulic Acid + Vitamin E Serum 30ml","<p>A brightening face serum containing Vitamin C, which tackles surface pigmentation and discolouration while giving the skin a natural radiance. Ferulic Acid stabilises the Vitamin C so it stays potent and effective on the skin, while Vitamin E nourishes and supports the skin's repair process.</p><p><strong>Best for:</strong> Pigmentation, surface discolouration, dull skin, skin needing both brightening and repair</p>",pc,9500.00,,6900.00,1,,simple,1,0,1,0,,0,NGN,0,1,1,,Serums,,,https://dodptt9f4zk9h.cloudfront.net/stores/288034/products/0d99baa61b13069815b454f8a9e2b51119722cf8.png,https://dodptt9f4zk9h.cloudfront.net/stores/288034/products/0d99baa61b13069815b454f8a9e2b51119722cf8.png,,,,,,,,,"2026-04-22 21:18:38","2026-04-22 21:18:38",,
4683857,,product,"Face Facts Soothe + Glow Niacinamide Serum",,,,"Face Facts Soothe + Glow Niacinamide Serum 30ml","<p>A facial serum containing Niacinamide, which improves skin radiance and addresses uneven skin texture on the face. Betaine keeps the skin calm and hydrated throughout the day. Suitable for morning and evening use. Vegan.</p>",pc,8500.00,,5200.00,2,,simple,1,0,1,0,,0,NGN,0,1,1,,Serums,,,https://dodptt9f4zk9h.cloudfront.net/stores/288034/products/d7865e5ea4a204cd0e34782f3f3b5d39f8da7bb6.jpeg,https://dodptt9f4zk9h.cloudfront.net/stores/288034/products/d7865e5ea4a204cd0e34782f3f3b5d39f8da7bb6.jpeg,,,,,,,,,"2026-04-22 21:16:55","2026-04-22 21:16:55",,
4683560,,product,"Acwell Licorice pH Balancing Cleansing Toner",,,,"Acwell Licorice pH Balancing Cleansing Toner 150ml","<p>A Korean toner formulated at pH 5.5, which restores the skin's natural balance after cleansing. Licorice Extract soothes and hydrates sensitive skin while giving the complexion a natural healthy glow.</p><p><strong>Best for:</strong> Sensitive skin, pH restoration after cleansing, reactive and irritated skin</p>",pc,20000.00,,14900.00,1,,simple,1,0,1,1,,0,NGN,0,1,1,,Toners,,,https://dodptt9f4zk9h.cloudfront.net/stores/288034/products/00244167fb2391fe6294bc2293196e82cf8fb33f.jpeg,https://dodptt9f4zk9h.cloudfront.net/stores/288034/products/00244167fb2391fe6294bc2293196e82cf8fb33f.jpeg,,,,,,,,,"2026-04-22 20:45:33","2026-04-24 00:47:09",,
4683531,,product,"Estelin Skin Care NA Whitening Toner",,,,"Estelin Skin Care NA Whitening Toner 400ml","<p>A facial toner containing Arbutin, which addresses dark spots and uneven patches on the face. Glutathione supports overall skin health as an antioxidant. Apply after cleansing and before your serum to prep the skin and let the actives absorb properly.</p>",pc,9000.00,,5900.00,1,,simple,1,0,1,0,,0,NGN,0,1,1,,Toners,,,https://dodptt9f4zk9h.cloudfront.net/stores/288034/products/71c7732dc8ae69d5845e6bc5bba959e7740346a6.webp,https://dodptt9f4zk9h.cloudfront.net/stores/288034/products/71c7732dc8ae69d5845e6bc5bba959e7740346a6.webp,,,,,,,,,"2026-04-22 20:43:58","2026-04-22 20:43:58",,
4683471,,product,"Face Facts Ceramide Skin Barrier Complex Hydrating Gentle Cleanser",,,,"Face Facts Ceramide Skin Barrier Complex Hydrating Gentle Cleanser 400ml","<p>Oats provide a naturally soothing and calming cleanse for skin that is easily irritated, while 5 Ceramides and Hyaluronic Acid work together to keep the skin hydrated and protected throughout washing. Dermatologically tested, fragrance free and vegan.</p><p><strong>Best for:</strong> Very dry and easily irritated skin, eczema-prone skin, anyone whose skin feels raw or tight after washing</p>",pc,11000.00,,8900.00,0,,simple,1,0,1,1,,0,NGN,0,1,1,,"Face Wash",,,https://dodptt9f4zk9h.cloudfront.net/stores/288034/products/942d2047c2a9a84a71e6ce999d68041882c948ac.png,https://dodptt9f4zk9h.cloudfront.net/stores/288034/products/942d2047c2a9a84a71e6ce999d68041882c948ac.png,,,,,,,,,"2026-04-22 20:40:42","2026-04-22 22:39:10",,
4683445,,product,"Face Facts Ceramide Skin Barrier Complex Foaming Cleanser",,,,"Face Facts Ceramide Skin Barrier Complex Foaming Cleanser 4ooml","<p>A foaming cleanser for dry and sensitive skin that cleanses deeply without compromising the skin's moisture barrier. 5 Ceramides strengthen the barrier during washing, Hyaluronic Acid keeps moisture levels stable, and Niacinamide addresses uneven tone. Dermatologically tested, fragrance free and vegan.</p><p><strong>Best for:</strong> Dry and sensitive skin, weakened skin barrier, skin that feels reactive after cleansing</p>",pc,11000.00,,8900.00,1,,simple,1,0,1,0,,0,NGN,0,1,1,,"Face Wash",,,https://dodptt9f4zk9h.cloudfront.net/stores/288034/products/ccd8c779782f009a9df03f8c00c50b3eb2eaafca.png,https://dodptt9f4zk9h.cloudfront.net/stores/288034/products/ccd8c779782f009a9df03f8c00c50b3eb2eaafca.png,,,,,,,,,"2026-04-22 20:39:16","2026-04-22 20:39:16",,
4683401,,product,"Face Facts Ceramide Skin Barrier Complex Blemish Clarifying Foaming Cleanser",,,,"Face Facts Ceramide Skin Barrier Complex Blemish Clarifying Foaming Cleanser 400ml","<p>A foaming face cleanser specifically designed for acne-prone and blemish-prone skin. 2% Salicylic Acid gets into the pores and clears out the congestion that causes breakouts, while 5 Ceramides make sure the skin barrier stays intact during that deep cleansing process. Niacinamide addresses the uneven tone left behind after blemishes clear. Fragrance free and vegan.</p><p><strong>Best for:</strong> Acne-prone skin, blemishes, clogged pores, post-blemish uneven tone</p>",pc,11000.00,,8900.00,0,,simple,1,0,1,1,,0,NGN,0,1,1,,"Face Wash",,,https://dodptt9f4zk9h.cloudfront.net/stores/288034/products/83b74ac1a20d9154192f2426caf621459923d8ca.png,https://dodptt9f4zk9h.cloudfront.net/stores/288034/products/83b74ac1a20d9154192f2426caf621459923d8ca.png,,,,,,,,,"2026-04-22 20:37:04","2026-04-22 22:39:07",,
4683344,,product,"Toke African Natural Soap Orange Formula",,,,"Toke African Natural Soap Orange Formula 500g","<p>An African natural soap containing AHA, which dissolves dead skin cells sitting on the surface and helps clear the congestion that leads to dull skin and acne. Shea Butter prevents the skin from feeling dry after washing, keeping it soft and nourished. The Orange Formula adds a natural source of Vitamin C that addresses dull and uneven skin tone during cleansing.</p>",pc,8000.00,,5900.00,3,,simple,1,0,1,0,,0,NGN,0,1,1,,"Body Wash & Bar Soap",,,https://dodptt9f4zk9h.cloudfront.net/stores/288034/products/a3a75fc7fae355c7b526b5aab994f5bee5f95cbf.png,https://dodptt9f4zk9h.cloudfront.net/stores/288034/products/a3a75fc7fae355c7b526b5aab994f5bee5f95cbf.png,,,,,,,,,"2026-04-22 20:33:36","2026-04-22 20:33:36",,
4683322,,product,"Getadd Cottage Fresh Ghana Alata Samina Pure Herbal Soap",,,,550g,"<p>A traditional Ghanaian black soap made from pure herbal ingredients. Alata Samina is known for its natural ability to cleanse deeply, tone the skin, and calm irritation caused by skin conditions, blemishes, and environmental factors. It is gentle enough for the face and body and works particularly well for skin that reacts badly to synthetic or chemical-heavy soaps.</p>",pc,8000.00,,6400.00,1,,simple,1,0,1,0,,0,NGN,0,1,1,,"Body Wash & Bar Soap",,,https://dodptt9f4zk9h.cloudfront.net/stores/288034/products/46c9d07669213743bd21c961a6acc7bd667b2ad9.png,https://dodptt9f4zk9h.cloudfront.net/stores/288034/products/46c9d07669213743bd21c961a6acc7bd667b2ad9.png,,,,,,,,,"2026-04-22 20:31:40","2026-04-22 20:31:40",,
4683312,,product,"Cosmo Glow White Whitening Body Scrub",,,,"Cosmo Glow White Whitening Body Scrub 475g","<p>A moisturising body scrub that physically exfoliates while Niacinamide addresses uneven skin tone and patchy areas during the scrubbing process. Hyaluronic Acid keeps the skin feeling hydrated and plump rather than dry and tight after exfoliating, making this a gentler scrub option suitable for skin that needs exfoliation without feeling stripped.</p>",pc,9000.00,,7300.00,4,,simple,1,0,1,0,,0,NGN,0,1,1,,"Body Scrub",,,https://dodptt9f4zk9h.cloudfront.net/stores/288034/products/2bfffa5e89830b336b7b85dba4e610510e0dbeae.jpeg,https://dodptt9f4zk9h.cloudfront.net/stores/288034/products/2bfffa5e89830b336b7b85dba4e610510e0dbeae.jpeg,,,,,,,,,"2026-04-22 20:29:47","2026-04-22 20:29:47",,
4683135,,product,"Alpha Arbutin Sugar Scrub",,,,"Alpha Arbutin Sugar Scrub 650g","<p>A chemical and physical scrub in one. The sugar granules manually lift dead skin cells while AHA 30% dissolves the bonds holding them to the surface, giving a deeper exfoliation than a regular scrub. BHA 2% goes further by clearing out clogged pores and addressing body acne and bumpy skin texture. Alpha Arbutin addresses dark spots and uneven patches in the skin left behind after the exfoliation.</p>",pc,7000.00,,4900.00,0,,simple,1,0,1,1,,0,NGN,0,1,1,,"Body Scrub",,,https://dodptt9f4zk9h.cloudfront.net/stores/288034/products/e1da726a8abe64f9c57c3eaf4b3ce45b44908c0f.png,https://dodptt9f4zk9h.cloudfront.net/stores/288034/products/e1da726a8abe64f9c57c3eaf4b3ce45b44908c0f.png,,,,,,,,,"2026-04-22 20:27:47","2026-04-24 00:36:29",,
4682826,,product,"Kuu Spa Turmeric Salt Scrub Bath",,,,"Kuu Spa Turmeric Salt Scrub Bath 450ml","<p>A salt-based body scrub containing Turmeric, which calms skin inflammation and redness while the salt granules physically scrub away dead skin buildup on rough and darkened areas. The aroma therapy element makes this one a sensory experience, the warm turmeric scent turns a regular shower into something that actually feels like a spa treatment.</p>",pc,8000.00,,4900.00,4,,simple,1,0,1,0,,0,NGN,0,1,1,,"Body Scrub",,,https://dodptt9f4zk9h.cloudfront.net/stores/288034/products/738caee365aacc9848833d3817efb838cc02d4ad.jpeg,https://dodptt9f4zk9h.cloudfront.net/stores/288034/products/738caee365aacc9848833d3817efb838cc02d4ad.jpeg,,,,,,,,,"2026-04-22 20:26:03","2026-04-22 20:26:03",,
4682812,,product,"Disaar Vitamin C Whitening & Moisturising Body Oil Gel",,,,"Disaar Vitamin C Whitening & Moisturising Body Oil Gel 200ml","<p>Unlike regular body oils that feel heavy and greasy, this one has a gel-oil texture that absorbs quickly and sits lightly on the skin. Vitamin C gives the skin a natural radiance and addresses surface discolouration, while the gel base keeps skin feeling hydrated without any residue. A good everyday option for those who want the benefits of an oil without the heavy feel.</p>",pc,8000.00,,5100.00,2,,simple,1,0,1,0,,0,NGN,0,1,1,,"Body Oil",,,https://dodptt9f4zk9h.cloudfront.net/stores/288034/products/d55a7322ddc922410855902258cb10c74f274803.png,https://dodptt9f4zk9h.cloudfront.net/stores/288034/products/d55a7322ddc922410855902258cb10c74f274803.png,,,,,,,,,"2026-04-22 20:20:46","2026-04-22 20:20:46",,
4682806,,product,Bio-Oil,,,,"Bio-Oil Skincare Oil 125ml","<p>The only oil in this range specifically formulated for scars and stretch marks. It works by keeping scar tissue deeply moisturised which improves its texture and appearance over time, both new scars and old ones. It also addresses uneven skin tone on the face and body and helps skin that has lost elasticity feel smoother and more supple.</p><p><strong>Best for:</strong> Scars, stretch marks, loss of skin elasticity, uneven tone on face and body</p>",pc,16500.00,,13900.00,1,,simple,1,0,1,0,,0,NGN,0,1,1,,"Body Oil",,,https://dodptt9f4zk9h.cloudfront.net/stores/288034/products/fbcf33db2d47fa88a01ef1ded467c77074df0198.jpeg,https://dodptt9f4zk9h.cloudfront.net/stores/288034/products/fbcf33db2d47fa88a01ef1ded467c77074df0198.jpeg,,,,,,,,,"2026-04-22 20:18:29","2026-04-22 20:18:29",,
4682465,,product,"S&K Duchess Glow Retinol & Centella Extract Beauty Therapy Oil",,,,"S&K Duchess Glow Retinol & Centella Extract Beauty Therapy Oil 300ml","<p>A body therapy oil containing Retinol, which works by speeding up how fast your skin renews itself, pushing out old, darkened, and damaged skin cells and replacing them with fresher ones. Centella Extract supports the skin's healing process and calms any irritation during that renewal. Use at night as Retinol increases sensitivity to sunlight.</p>",pc,10000.00,,7900.00,1,,simple,1,0,1,0,,0,NGN,0,1,1,,"Body Oil",,,https://dodptt9f4zk9h.cloudfront.net/stores/288034/products/691cbe178a968c26c71b68816af77ccf7b60b3fc.jpeg,https://dodptt9f4zk9h.cloudfront.net/stores/288034/products/691cbe178a968c26c71b68816af77ccf7b60b3fc.jpeg,,,,,,,,,"2026-04-22 20:08:17","2026-04-22 20:08:17",,
4682122,,product,"Skeenpoint Glow Booster Lightening Oil",,,,"Skeenpoint Glow Booster Lightening Oil 300ml","<p>A leave-on body oil that works on dark spots from two angles Alpha Arbutin targets discolouration at the surface while Kojic Acid works deeper at the source. Being a leave-on oil means the actives actually have time to absorb and work, unlike wash-off products. Hydroquinone free making it safe for daily use.</p>",pc,14000.00,,9900.00,1,,simple,1,0,1,3,,0,NGN,0,1,1,,"Body Oil",,,https://dodptt9f4zk9h.cloudfront.net/stores/288034/products/87cf3e26febccadc91d81ec7f950d9ba3c6406b9.jpeg,https://dodptt9f4zk9h.cloudfront.net/stores/288034/products/87cf3e26febccadc91d81ec7f950d9ba3c6406b9.jpeg,,,,,,,,,"2026-04-22 20:06:00","2026-04-24 00:47:09",,
4681757,,product,"Advanced Korean Skin Brighter Face Cream",,,,"Advanced Korean Skin Brighter Face Cream 100g","<p>A face cream containing Vitamin C, which targets existing discolouration and uneven skin tone on the face. Niacinamide reduces the appearance of dark spots and post-acne marks, while Hyaluronic Acid keeps the skin plump and moisturised throughout the day. Turmeric calms redness and irritation that can worsen uneven tone.</p>",pc,14000.00,,11900.00,1,,simple,1,0,1,0,,0,NGN,0,1,1,,"Moisturiser & Face Cream",,,https://dodptt9f4zk9h.cloudfront.net/stores/288034/products/3eb8f780808ad80ccf2cfa94145fe38bf1fe1ca0.png,https://dodptt9f4zk9h.cloudfront.net/stores/288034/products/3eb8f780808ad80ccf2cfa94145fe38bf1fe1ca0.png,,,,,,,,,"2026-04-22 19:58:55","2026-04-22 19:58:55",,
4681752,,product,"Advanced Korean Skin Active Fair Cream",,,,"Advanced Korean Skin Active Fair Cream 100g","<p>A leave-on cream containing Tranexamic Acid, which targets stubborn dark patches and post-inflammatory marks by blocking the signals that trigger excess melanin production in affected areas. Niacinamide works alongside it to even out patchy skin tone. Turmeric calms inflammation that causes further darkening, while Proline supports skin firmness and texture. As a leave-on product, these ingredients have proper contact time to actually work.</p>",pc,14000.00,,11900.00,2,,simple,1,0,1,0,,0,NGN,0,1,1,,"Moisturiser & Face Cream",,,https://dodptt9f4zk9h.cloudfront.net/stores/288034/products/87ea1e6585da4cda46318880fe41374729133c69.png,https://dodptt9f4zk9h.cloudfront.net/stores/288034/products/87ea1e6585da4cda46318880fe41374729133c69.png,,,,,,,,,"2026-04-22 19:57:05","2026-04-22 19:57:05",,
4681737,,product,"Alada Instant Whitening Soap",,,,"Alada Instant Whitening Soap 160g","<p>A premium soap bar containing natural extracts that remove dead skin cells responsible for making arms, legs, and the face look dull and uneven. It targets dark spots and scars on the body while leaving skin feeling smooth and nourished after every wash. For best results, leave on the body for 3-5 minutes before rinsing. On the face, lather and rinse off immediately. FDA Approved &amp; GMP Certified.</p><p><strong>Best for:</strong> Dark spots and scars, dull and uneven skin tone, dead skin buildup</p>",pc,15000.00,,12400.00,2,,simple,1,0,1,0,,0,NGN,0,1,1,,"Body Wash & Bar Soap",,,https://dodptt9f4zk9h.cloudfront.net/stores/288034/products/81364581cf0fd8e7a89f8fbd4669e6673ac300a6.jpeg,https://dodptt9f4zk9h.cloudfront.net/stores/288034/products/81364581cf0fd8e7a89f8fbd4669e6673ac300a6.jpeg,,,,,,,,,"2026-04-22 19:52:26","2026-04-22 19:52:26",,
4681730,,product,"Drip Vitamin C/Kojic Brightening Bar Soap",,,,"Drip Vitamin C/Kojic Brightening Bar Soap 165g","<p>A soap bar combining four active ingredients that each target excess melanin differently. Kojic Acid targets the melanin enzyme directly, Vitamin C breaks down existing surface discolouration, Niacinamide reduces the transfer of dark pigment to skin cells, and Turmeric calms the inflammation that triggers further darkening in affected areas.</p><p><strong>Best for:</strong> Post-acne dark marks, dark patches on knees, elbows and underarms, uneven body tone</p>",pc,2500.00,,2100.00,8,,simple,1,0,1,0,,0,NGN,0,1,1,,"Body Wash & Bar Soap|Underarm",,,https://dodptt9f4zk9h.cloudfront.net/stores/288034/products/a546b3d286aa32a235f5045a1c41f5619eee8bd1.png,https://dodptt9f4zk9h.cloudfront.net/stores/288034/products/a546b3d286aa32a235f5045a1c41f5619eee8bd1.png,,,,,,,,,"2026-04-22 19:50:07","2026-04-22 19:50:07",,
4681720,,product,"Kojie San Skin Lightening Soap",,,,"Kojie San Skin Lightening Soap 135g","<p>A soap bar containing Kojic Acid, derived from fermented rice, which directly targets the enzyme that causes excess melanin production in dark spots and uneven patches. It is one of the few soap ingredients with genuine evidence behind it for evening skin tone. On the face, keep contact time short and always follow with moisturiser and SPF as Kojic Acid can be sensitising.</p><p><strong>Best for:</strong> Dark spots, post-acne marks, dark underarms and inner thighs, uneven body tone</p>",pc,6000.00,,4400.00,3,,simple,1,0,1,0,,0,NGN,0,1,1,,"Body Wash & Bar Soap|Underarm",,,https://dodptt9f4zk9h.cloudfront.net/stores/288034/products/2178d85eceb3b807bf880a6dfa83c57bd8fa3a51.jpeg,https://dodptt9f4zk9h.cloudfront.net/stores/288034/products/2178d85eceb3b807bf880a6dfa83c57bd8fa3a51.jpeg,,,,,,,,,"2026-04-22 19:46:45","2026-04-22 19:46:45",,
4681711,,product,"Glow Influence Strong Lightening Beauty Milk Soap",,,,"Glow Influence Strong Lightening Beauty Milk Soap 120g","<p>A soap bar containing Alpha Arbutin, which targets the overproduction of melanin responsible for dark patches and uneven body tone. The milk base keeps the skin feeling soft and hydrated rather than dry after washing.</p>",pc,18000.00,,15400.00,3,,simple,1,0,1,0,,0,NGN,0,1,1,,"Body Wash & Bar Soap",,,https://dodptt9f4zk9h.cloudfront.net/stores/288034/products/6fa10817d2a8d615ba42fcb42fa3f2fe82ad0941.jpeg,https://dodptt9f4zk9h.cloudfront.net/stores/288034/products/6fa10817d2a8d615ba42fcb42fa3f2fe82ad0941.jpeg,,,,,,,,,"2026-04-22 19:44:26","2026-04-22 19:44:26",,
4681692,,product,"Clini-tone Body Butter Glow Bath Soap",,,,"Clini-tone Body Butter Glow Bath Soap 200g","<p>A moisturising bath soap containing Coconut Oil, which cleanses without stripping the skin's natural moisture so your body feels soft and nourished after every wash. Vanilla soothes the skin during cleansing while leaving a light, pleasant scent. Glutathione supports overall skin health as an antioxidant.</p>",pc,5000.00,,3400.00,5,,simple,1,0,1,0,,0,NGN,0,1,1,,"Body Wash & Bar Soap",,,https://dodptt9f4zk9h.cloudfront.net/stores/288034/products/b0cd3168c70b74d0adc02c3f75a4dfb6d8fe4bac.jpeg,https://dodptt9f4zk9h.cloudfront.net/stores/288034/products/b0cd3168c70b74d0adc02c3f75a4dfb6d8fe4bac.jpeg,,,,,,,,,"2026-04-22 19:39:52","2026-04-22 19:39:53",,
4681647,,product,"Skin By Zaron Vitamin C Body Wash",,,,"Skin By Zaron Vitamin C Body Wash 650ml","<p>A daily body wash containing Vitamin C, which helps reduce the appearance of uneven skin tone and gives the skin a natural radiance with consistent use. It also contains Glycolic Acid, which dissolves dead skin buildup on the surface to reveal smoother and clearer skin underneath,&nbsp;making it one of the more effective wash-off exfoliating ingredients available. Castor Oil rounds it out by keeping the skin feeling moisturised and soft rather than stripped after washing.</p>",pc,16000.00,,13900.00,1,,simple,1,0,1,1,,0,NGN,0,1,1,,"Body Wash & Bar Soap",,,https://dodptt9f4zk9h.cloudfront.net/stores/288034/products/e9243d7b95a02c3650906b1ae752548d569d1008.jpeg,https://dodptt9f4zk9h.cloudfront.net/stores/288034/products/e9243d7b95a02c3650906b1ae752548d569d1008.jpeg,,,,,,,,,"2026-04-22 19:26:10","2026-04-22 22:39:07",,
4681637,,product,"C/M Golden Glow Intensive Whitening Exfoliating Shower Gel",,,,"C/M Golden Glow Intensive Whitening Exfoliating Shower Gel 1000ml","<p>An exfoliating shower gel containing physical scrub particles that manually remove the layer of dead skin responsible for dark, rough patches on the body. It also contains Turmeric, a natural anti-inflammatory ingredient that helps reduce the appearance of dark marks left behind by irritation or trauma on the skin. Alpha Arbutin works alongside Turmeric to interrupt excess melanin production in areas like dark knees, elbows, and uneven patches. Carrot Extract adds antioxidant support that helps the skin look healthier overall.</p><p><strong>Best for:</strong> Dark knees and elbows, post-trauma dark marks, rough and uneven skin texture</p>",pc,14000.00,,12400.00,2,,simple,1,0,1,0,,0,NGN,0,1,1,,"Body Wash & Bar Soap|Body Scrub",,,https://dodptt9f4zk9h.cloudfront.net/stores/288034/products/74b49676f67197c92c4512e01ca6286813c26133.jpeg,https://dodptt9f4zk9h.cloudfront.net/stores/288034/products/74b49676f67197c92c4512e01ca6286813c26133.jpeg,,,,,,,,,"2026-04-22 19:23:41","2026-04-22 19:23:41",,
4681626,,product,"Veet Gold Amino Acid & Glycolic Acid X3 Triple Extra Whitening Shower Gel",,,,"Veet Gold Amino Acid & Glycolic Acid X3 Triple Extra Whitening Shower Gel 1000ml","<p>A shower gel formulated at pH 5.5, which matches the skin's natural acidity and helps maintain a healthy skin barrier during cleansing, unlike harsh soaps that strip the skin. It contains Glycolic Acid, which gently exfoliates dead skin on the surface, and Amino Acids, which keep the skin feeling soft and supported after washing. A good everyday option for skin that breaks out easily or feels rough and uneven.</p><p><strong>Best for:</strong> Acne-prone body skin, rough and bumpy skin texture, skin that reacts badly to regular soap</p>",pc,12000.00,,8900.00,2,,simple,1,0,1,0,,0,NGN,0,1,1,,"Body Wash & Bar Soap",,,https://dodptt9f4zk9h.cloudfront.net/stores/288034/products/f7e0b94235002d76b1785fca00359037520ed6ac.png,https://dodptt9f4zk9h.cloudfront.net/stores/288034/products/f7e0b94235002d76b1785fca00359037520ed6ac.png,,,,,,,,,"2026-04-22 19:21:13","2026-04-22 19:21:13",,
4681612,,product,"Advanced Korean Skin Bright & Exfoliate Mint Body Gel Wash",,,,"Advanced Korean Skin Bright & Exfoliate Mint Body Gel Wash 12","<p>A brightening and exfoliating body wash containing Glycolic Acid, which is one of the few wash-off ingredients that actually works, it dissolves the bonds holding dead skin cells together, revealing fresher and smoother skin underneath with regular use. It also contains Vitamin C, which helps improve overall skin radiance over time. Mint Leaf gives a cooling, refreshing sensation on the skin during every wash. Vegan and paraben-free.</p><p><strong>Best for:</strong> Rough skin texture, dull skin, body skin that needs both exfoliation and brightening</p>",pc,17000.00,,12900.00,2,,simple,1,0,1,0,,0,NGN,0,1,1,,"Body Wash & Bar Soap",,,https://dodptt9f4zk9h.cloudfront.net/stores/288034/products/beacad57c9304c66bc04b6201f2dc06b0d83f237.png,https://dodptt9f4zk9h.cloudfront.net/stores/288034/products/91c6b0bcb9f8199698cb90da14c828a691f76701.jpeg|https://dodptt9f4zk9h.cloudfront.net/stores/288034/products/beacad57c9304c66bc04b6201f2dc06b0d83f237.png,,,,,,,,,"2026-04-22 19:18:53","2026-04-22 19:18:53",,
4681575,,product,"Advanced Korean Skin Bright & Clear Body Gel Wash",,,,"Advanced Korean Skin Bright & Clear Body Gel Wash 1200ml","<p>A daily body gel wash containing Papaya Extract, which has natural enzymes that gently dissolve dead skin cells sitting on the surface, the same dead skin that makes the body look dull and uneven. It also contains Mulberry Extract, a plant-based ingredient that targets melanin overproduction responsible for dark patches on the body. Together these two ingredients work to gradually improve skin clarity and evenness with consistent washing.</p>",pc,17000.00,,12900.00,2,,simple,1,0,1,0,,0,NGN,0,1,1,,"Body Wash & Bar Soap",,,https://dodptt9f4zk9h.cloudfront.net/stores/288034/products/f2c72c296ffd68c546b5287953803f372fc80dda.jpeg,https://dodptt9f4zk9h.cloudfront.net/stores/288034/products/f2c72c296ffd68c546b5287953803f372fc80dda.jpeg,,,,,,,,,"2026-04-22 19:12:28","2026-04-22 19:12:28",,
4681552,,product,"Cosmo Glow White Miss Beauty Lightening Shower Gel",,,,"Cosmo Glow White Miss Beauty Lightening Shower Gel 1000ml","<p>A daily shower gel containing Mulberry Extract and Licorice Extract, both of which are plant-based ingredients known for targeting melanin overproduction, the root cause of dark patches and uneven skin tone on the body. It also contains Niacinamide, which works alongside these two extracts to visibly even out skin tone with consistent daily use. Of all the shower gels in this range, this one has the strongest combination of ingredients specifically targeting discolouration.</p><p><strong>Best for:</strong> Dark patches, uneven body tone, post-shave or friction-related darkening on underarms and inner thighs</p>",pc,14000.00,,9900.00,0,,simple,1,0,1,1,,0,NGN,0,1,1,,"Body Wash & Bar Soap|Underarm",,,https://dodptt9f4zk9h.cloudfront.net/stores/288034/products/4382c21072ee0c83e3c81831068e218596e07685.png,https://dodptt9f4zk9h.cloudfront.net/stores/288034/products/4382c21072ee0c83e3c81831068e218596e07685.png,,,,,,,,,"2026-04-22 19:08:44","2026-04-24 00:36:29",,
4681542,,product,"Cosmo Glow White Skin Perfector Whitening Shower Gel",,,,"Cosmo Glow White Skin Perfector Whitening Shower Gel 1000ml","<p>A daily shower gel containing Niacinamide, which helps even out uneven skin tone and reduce the appearance of dark patches with consistent use. It also contains Hyaluronic Acid, which draws moisture into the skin keeping it feeling soft and hydrated after every wash.</p><p><strong>Best for:</strong> Uneven body tone, dark patches, dry skin after washing</p>",pc,14000.00,,9900.00,2,,simple,1,0,1,0,,0,NGN,0,1,1,,"Body Wash & Bar Soap",,,https://dodptt9f4zk9h.cloudfront.net/stores/288034/products/18ff1d0b8749cc972fca36f4d864c0ad408d21ae.jpeg,https://dodptt9f4zk9h.cloudfront.net/stores/288034/products/493a434a3a33f7d2e4ca5c9ed805f4d296bca37f.png,,,,,,,,,"2026-04-22 19:06:10","2026-04-22 19:06:10",,
4681506,,product,"S&K Duchess Glow Honey Sweet Secret Shower Bath Gel",,,,"S&K Duchess Glow Honey Sweet Secret Shower Bath Gel 1000ml","<p>A gentle daily shower gel ideal for dry and sensitive skin. It contains Organic Honey and Honeycomb Extract, which are natural humectants that attract moisture to the skin during cleansing so you step out of the shower feeling soft rather than dry. Propolis naturally soothes irritated or reactive skin, making this a good option for anyone whose skin gets easily aggravated.</p><p><strong>Best for:</strong> Dry skin, sensitive and reactive skin, skin that feels tight after washing</p>",pc,13000.00,,9400.00,1,,simple,1,0,1,1,,0,NGN,0,1,1,,"Body Wash & Bar Soap",,,https://dodptt9f4zk9h.cloudfront.net/stores/288034/products/ef5bd452bc0fd0a27b82cf65738cec3214252c8a.png,https://dodptt9f4zk9h.cloudfront.net/stores/288034/products/ef5bd452bc0fd0a27b82cf65738cec3214252c8a.png,,,,,,,,,"2026-04-22 18:58:20","2026-04-24 00:47:10",,
4681466,,product,"S&K Duchess Glow Duo Milk & Glutathione with Arbutin Scrub Shower Gel",,,,"S&K Duchess Glow Duo Milk & Glutathione with Arbutin Scrub Shower Gel 1000ml","<p>A rich lathering shower gel that contains L-Glutathione, an antioxidant that supports overall skin health and helps the skin look less dull over time. It also contains a moisturising blend that leaves the skin feeling soft and smooth after every wash, not dry or tight like regular soap.</p><p><strong>Best for:</strong> Dull and lacklustre skin, dry skin, everyday cleansing</p>",pc,13000.00,,9400.00,3,,simple,1,0,1,0,,0,NGN,0,1,1,,"Body Wash & Bar Soap",,,https://dodptt9f4zk9h.cloudfront.net/stores/288034/products/5a85e34743e5bb015e512516ec4c9ec192bf7855.jpeg,https://dodptt9f4zk9h.cloudfront.net/stores/288034/products/5a85e34743e5bb015e512516ec4c9ec192bf7855.jpeg,,,,,,,,,"2026-04-22 18:50:44","2026-04-22 18:50:45",,
4681437,,product,"S&K Duchess Glow Duo Milk & Glutathione with Arbutin Scrub Shower Gel",,,,"S&K Duchess Glow Duo Milk & Glutathione with Arbutin Scrub Shower Gel 1000ML","<p>An exfoliating shower gel that contains physical scrub beads, which manually buff away the dead skin sitting on dark knees, elbows, and rough patches to reveal softer skin underneath. It also contains Arbutin, which helps reduce the appearance of surface dark patches with consistent daily use. Goat Milk keeps the skin feeling nourished and smooth during cleansing so it doesn't feel stripped after washing.</p><p><strong>Best for:</strong> Rough skin texture, dark knees and elbows, dull body skin</p>",pc,13000.00,,9400.00,2,,simple,1,0,1,0,,0,NGN,0,1,1,,"Body Scrub|Body Wash & Bar Soap",,,https://dodptt9f4zk9h.cloudfront.net/stores/288034/products/7015d18767c197ab97b6b3969b9f4fd2d3aa555d.jpeg,https://dodptt9f4zk9h.cloudfront.net/stores/288034/products/7015d18767c197ab97b6b3969b9f4fd2d3aa555d.jpeg,,,,,,,,,"2026-04-22 18:44:20","2026-04-22 18:48:39",,
4128292,,product,"Some By Miracle Calming Body Lotion",,,,"Some By Mi AHA-BHA-PHA Miracle Calming Body Lotion 200ml","<p>The Some By Mi AHA-BHA-PHA Miracle Calming Body Lotion is a lightweight body lotion designed to soothe and refine acne-prone skin. Enriched with exfoliating acids and calming ingredients, it helps smooth skin texture, reduce irritation, and support clearer-looking skin.</p>",pc,19000.00,,10216.00,0,,simple,1,0,1,5,,0,NGN,0,1,1,,"Body Lotion",,,https://dodptt9f4zk9h.cloudfront.net/stores/288034/products/dd586960e22ebc8bb870090c45475ae6005793c5.jpeg,https://dodptt9f4zk9h.cloudfront.net/stores/288034/products/dd586960e22ebc8bb870090c45475ae6005793c5.jpeg,,,,,,,,,"2025-12-24 21:51:53","2026-04-22 22:39:08",,
4128282,,product,"Some By Mi 30 Days Miracle Acne Clear Foam",,,,"Some By Mi AHA BHA PHA 30 Days Miracle Acne Clear Foam 100ml","<p>The Some By Mi AHA BHA PHA 30 Days Miracle Acne Clear Foam is a gentle facial cleanser designed for acne-prone skin. Formulated with exfoliating acids and soothing ingredients, it helps cleanse pores, reduce excess oil, and maintain a balanced, clearer complexion.</p>",pc,25000.00,,16570.00,0,,simple,1,0,1,5,,0,NGN,0,1,1,,"Face Wash",,,https://dodptt9f4zk9h.cloudfront.net/stores/288034/products/3e7965bb95c40baa6027001df8a278959bcf68dc.jpeg,https://dodptt9f4zk9h.cloudfront.net/stores/288034/products/3e7965bb95c40baa6027001df8a278959bcf68dc.jpeg,,,,,,,,,"2025-12-24 21:48:10","2026-04-22 22:39:08",,
4128265,,product,"Some By Mi 30 Days Miracle Acne Clear Body Cleanser",,,,"Some By Mi AHA BHA PHA 30 Days Miracle Acne Clear Body Cleanser (400g)","<p>The Some By Mi AHA BHA PHA 30 Days Miracle Acne Clear Body Cleanser is an exfoliating body wash formulated to help reduce body acne and rough texture. With AHA, BHA, and PHA acids, it gently removes dead skin cells, unclogs pores, and helps improve overall skin clarity.</p>",pc,28000.00,,19397.00,0,,simple,1,0,1,5,,0,NGN,0,1,1,,"Body Wash & Bar Soap",,,https://dodptt9f4zk9h.cloudfront.net/stores/288034/products/beab4fd629b55f50231a00bc9182c8078086769a.jpeg,https://dodptt9f4zk9h.cloudfront.net/stores/288034/products/beab4fd629b55f50231a00bc9182c8078086769a.jpeg,,,,,,,,,"2025-12-24 21:39:46","2026-04-22 22:39:08",,
4128244,,product,"SKIN1004 Madagascar Centella Tone Brightening Tone-Up Sunscreen",,,,"SKIN1004 Madagascar Centella Tone Brightening Tone-Up Sunscreen 50ml","<p>The SKIN1004 Madagascar Centella Tone Brightening Tone-Up Sunscreen is a tone-enhancing sunscreen that provides sun protection while improving skin brightness. Infused with Centella Asiatica and tone-correcting ingredients, it helps protect against UV rays and promote a more radiant appearance.</p>",pc,21500.00,20425,15894.00,6,,simple,1,0,1,4,,0,NGN,0,1,1,,SPF,,,https://dodptt9f4zk9h.cloudfront.net/stores/288034/products/58e42eac0ec7e9462988e191efb2709c04f045f2.jpeg,https://dodptt9f4zk9h.cloudfront.net/stores/288034/products/58e42eac0ec7e9462988e191efb2709c04f045f2.jpeg|https://dodptt9f4zk9h.cloudfront.net/stores/288034/products/ccdbb05b04d5a02b6fcdbe5f88086d07e46532fe.jpeg,,,,,,,,,"2025-12-24 21:28:41","2026-04-22 22:39:09",,
4128194,,product,"SKIN1004 Madagascar Centella Air-Fit Suncream",,,,"SKIN1004 Madagascar Centella Air-Fit Suncream SPF50+ PA++++ (50ml)","<p>The SKIN1004 Madagascar Centella Air-Fit Suncream Plus is a lightweight sunscreen designed to provide high-level UV protection. Formulated with SPF50+ PA++++ and Centella Asiatica Extract, it helps shield the skin from sun damage while soothing and maintaining skin comfort.</p>",pc,21500.00,,16090.00,9,,simple,1,0,1,3,,0,NGN,0,1,1,,SPF,,,https://dodptt9f4zk9h.cloudfront.net/stores/288034/products/1b470ce4feaa3479d431f29681270601bf9c5ec1.jpeg,https://dodptt9f4zk9h.cloudfront.net/stores/288034/products/1b470ce4feaa3479d431f29681270601bf9c5ec1.jpeg|https://dodptt9f4zk9h.cloudfront.net/stores/288034/products/e1fc7d5020baf8f32b26fc85fa0c42932608b8a4.jpeg|https://dodptt9f4zk9h.cloudfront.net/stores/288034/products/4ad51c51e2a5f8944f09a9c5617440775319340a.jpeg,,,,,,,,,"2025-12-24 20:59:42","2026-04-22 22:39:08",,
4128159,,product,"Purito Seoul Luminous Moisture Shea Butter Body Lotion",,,,"Purito SEOUL LUMINOUS MOISTURE SHEA BUTTER BODY LOTION COTTON DREAMLIGHT 300ML","<p>The Purito Seoul Luminous Moisture Shea Butter Body Lotion is a deeply moisturising body lotion formulated to nourish and soften dry skin. With Shea Butter and Ceramides, it helps restore moisture, improve skin smoothness, and leave the body feeling hydrated and comfortable.</p>",pc,30500.00,28975,19468.00,3,,simple,1,0,1,2,,0,NGN,0,1,1,,"Body Lotion",,,https://dodptt9f4zk9h.cloudfront.net/stores/288034/products/52c75421a2835d0e6ed33c18551001d22a5f2fd4.jpeg,https://dodptt9f4zk9h.cloudfront.net/stores/288034/products/52c75421a2835d0e6ed33c18551001d22a5f2fd4.jpeg|https://dodptt9f4zk9h.cloudfront.net/stores/288034/products/7fd276bc07ce82e4836c4a35fd9f741ac5c8b9c1.jpeg,,,,,,,,,"2025-12-24 20:46:44","2026-04-22 22:39:08",,
4128149,,product,"Purito Seoul Luminous Ceramide Moisturiser",,,,"Purito Seoul Luminous Ceramide Moisturiser 100ml","<p>The Purito Seoul Luminous Ceramide Moisturiser is a barrier-strengthening cream designed to hydrate and protect the skin. Enriched with Ceramides and skin-repairing ingredients, it helps reinforce the moisture barrier, improve skin resilience, and maintain long-lasting hydration.</p>",pc,28000.00,,18095.00,7,,simple,1,0,1,6,,0,NGN,0,1,1,,"Moisturiser & Face Cream",,,https://dodptt9f4zk9h.cloudfront.net/stores/288034/products/b43af61154a84757b3fbe735a777d20ae4671cf3.jpeg,https://dodptt9f4zk9h.cloudfront.net/stores/288034/products/b43af61154a84757b3fbe735a777d20ae4671cf3.jpeg,,,,,,,,,"2025-12-24 20:41:53","2026-04-24 00:47:10",,
4128121,,product,"HAYEJIN RICE BRAN OIL FOR BODY",,,,"HAYEJIN RICE BRAN OIL FOR BODY 200ML","<p>The Hayejin Rice Bran Oil for Body is a nourishing body oil designed to deeply moisturise and improve skin softness and glow. Formulated with Rice Bran Oil rich in antioxidants and fatty acids, it helps support skin elasticity, smooth rough areas, and enhance overall skin radiance.</p>",pc,34500.00,32775,15825.00,3,,simple,1,0,1,2,,0,NGN,0,1,1,,"Body Oil",,,https://dodptt9f4zk9h.cloudfront.net/stores/288034/products/18cccfcc16d1ab8612f99617c5acc91fd8a75804.jpeg,https://dodptt9f4zk9h.cloudfront.net/stores/288034/products/18cccfcc16d1ab8612f99617c5acc91fd8a75804.jpeg,,,,,,,,,"2025-12-24 20:30:09","2026-04-22 22:39:07",,
4128102,,product,"Goodal Green Tangerine Vita C Dark Spot Serum",,,,"Goodal Green Tangerine Vita C Dark Spot Serum (40ml)","<p>The Goodal Green Tangerine Vita C Dark Spot Serum is a brightening serum formulated to visibly reduce dark spots and uneven skin tone. Powered by Green Tangerine Extract rich in Vitamin C derivatives, it helps improve skin clarity, boost radiance, and support a more even complexion with continued use.</p>",pc,33400.00,,21683.00,0,,simple,1,0,1,5,,0,NGN,0,1,1,,Serums,,,https://dodptt9f4zk9h.cloudfront.net/stores/288034/products/229acc999e0eb6b18bb467f7e823353be08b926c.jpeg,https://dodptt9f4zk9h.cloudfront.net/stores/288034/products/229acc999e0eb6b18bb467f7e823353be08b926c.jpeg|https://dodptt9f4zk9h.cloudfront.net/stores/288034/products/b766c9c84e85d96ad57b9d288e59e92498668eb9.jpeg|https://dodptt9f4zk9h.cloudfront.net/stores/288034/products/e135a4ebaa03021b4a504645456d149e93d30b62.jpeg,,,,,,,,,"2025-12-24 20:20:00","2026-04-24 00:36:29",,
4128095,,product,"COSRX Acne Pimple Master Patch",,,,"COSRX Acne Pimple Master Patch (24ea)","<p>The COSRX Acne Pimple Master Patch is a hydrocolloid spot treatment designed to protect and heal active breakouts. The patches absorb excess oil and impurities while creating a protective barrier that helps reduce inflammation, prevent scarring, and support faster blemish recovery.</p>",pc,12000.00,,7825.00,3,,simple,1,0,1,2,,0,NGN,0,1,1,,,,,https://dodptt9f4zk9h.cloudfront.net/stores/288034/products/88c6996fe03e0886a8eadc3d64a700abd1c3a002.jpeg,https://dodptt9f4zk9h.cloudfront.net/stores/288034/products/88c6996fe03e0886a8eadc3d64a700abd1c3a002.jpeg|https://dodptt9f4zk9h.cloudfront.net/stores/288034/products/6cf8e6407f994eb8719986ee5c4e0a30c5195e0e.jpeg,,,,,,,,,"2025-12-24 20:16:56","2026-04-22 22:39:09",,
4128084,,product,"COSRX AC Collection Blemish Spot Clearing",,,,"COSRX AC Collection Blemish Spot Clearing Serum 40ml","<p>The COSRX AC Collection Blemish Spot Clearing Serum is a concentrated treatment designed to calm active breakouts and reduce post-acne marks. Formulated with Centella Asiatica, Niacinamide, and propolis-derived ingredients, it helps soothe irritated skin, reduce redness, and improve the appearance of blemish-prone areas.</p>",pc,26500.00,,20245.00,2,,simple,1,0,1,3,,0,NGN,0,1,1,,Serums,,,https://dodptt9f4zk9h.cloudfront.net/stores/288034/products/bfae20d4093160bef6e4cbdb4b6fca93b55b4a8c.jpeg,https://dodptt9f4zk9h.cloudfront.net/stores/288034/products/bfae20d4093160bef6e4cbdb4b6fca93b55b4a8c.jpeg,,,,,,,,,"2025-12-24 20:05:47","2026-04-22 22:39:09",,
4128043,,product,"Anua Peach Niacin Enriched Cream",,,,"Anua Peach 77% Niacin Enriched Cream (50ml)","<p>The Anua Peach 77% Niacin Enriched Cream is a lightweight moisturising cream designed to brighten dull skin and improve overall skin tone. Formulated with 77% Peach Fruit Extract for hydration and glow, and Niacinamide to refine texture and enhance radiance, it helps leave the skin soft, smooth, and visibly more luminous.</p>",pc,36270.00,,22087.00,3,,simple,1,0,1,2,,0,NGN,0,1,1,,"Moisturiser & Face Cream",,,https://dodptt9f4zk9h.cloudfront.net/stores/288034/products/0da54573f0b7bb37ee0a1469913a52435757dd50.jpeg,https://dodptt9f4zk9h.cloudfront.net/stores/288034/products/0da54573f0b7bb37ee0a1469913a52435757dd50.jpeg|https://dodptt9f4zk9h.cloudfront.net/stores/288034/products/57fd7ea63a9a1ea4d03c99844dc0bb08272193df.jpeg|https://dodptt9f4zk9h.cloudfront.net/stores/288034/products/1b899b75ceba5f3fa503f939d0e4ffb722edbbd0.jpeg,,,,,,,,,"2025-12-24 19:44:34","2026-04-22 22:39:09",,
4127965,,product,"Anua NIACINAMIDE",,,,"Anua Niacinamide 10% + TXA 4% Serum (30ml)","<p>The Anua Niacinamide 10% + TXA 4% Serum is a targeted brightening and tone-correcting serum formulated to reduce dark spots, uneven skin tone, and post-acne marks. It combines 10% Niacinamide to improve skin clarity and barrier strength with 4% Tranexamic Acid (TXA), which helps visibly fade hyperpigmentation and discolouration while promoting a more even complexion.</p>",pc,36000.00,,20593.00,0,,simple,1,0,1,5,,0,NGN,0,1,1,,Serums,,,https://dodptt9f4zk9h.cloudfront.net/stores/288034/products/532838c705f16e84b57ea86e5d0ffd98ef814214.jpeg,https://dodptt9f4zk9h.cloudfront.net/stores/288034/products/532838c705f16e84b57ea86e5d0ffd98ef814214.jpeg|https://dodptt9f4zk9h.cloudfront.net/stores/288034/products/7b2ef4a268f59f2c2549e78a55f2e0d141b0842e.jpeg,,,,,,,,,"2025-12-24 18:52:43","2026-04-24 00:47:10",,
4040034,,product,"RICE GLOW MILKY TONER",,,,"RICE 70 GLOW MILKY TONER","<p>The Anua Rice 70 Glow Milky Toner is a Korean beauty toner formulated with 70% rice bran water to intensely hydrate the skin and provide a radiant ""glass skin"" effect. Key ingredients like niacinamide and ceramides work to brighten the complexion, even skin tone, strengthen the skin barrier, and soothe irritation. It is suitable for all skin types.</p>",pc,35000.00,33250,19916.00,2,,simple,1,0,1,3,,0,NGN,0,1,1,,Toners,,,https://dodptt9f4zk9h.cloudfront.net/stores/288034/products/e9eb3d911f4e0d795a6be64725d37e6c49dc237a.jpeg,https://dodptt9f4zk9h.cloudfront.net/stores/288034/products/e9eb3d911f4e0d795a6be64725d37e6c49dc237a.jpeg|https://dodptt9f4zk9h.cloudfront.net/stores/288034/products/5e6ab139300d6fdefc78a2d1999d34992f3a697a.jpeg,,,,,,,,,"2025-12-03 19:54:04","2026-04-22 22:39:09",,
